id,email,passwords,handle
1,gspadeck0@hhs.gov,50hh8Aglv,mredon0
2,flawley1@upenn.edu,cWjgtTKPY,ddegiorgis1
3,mmoyler2@wikia.com,IgXiIGZv2,araycroft2
4,fverralls3@1und1.de,plfTfiqhUWb,rgladyer3
5,knorley4@hostgator.com,gpnlFLmp7CE1,ldomerq4
6,hworge5@printfriendly.com,LVcBtIfCo,tdillestone5
7,ahedderly6@liveinternet.ru,XzkI6yNN8Ca,iwybron6
8,mgannicleff7@nasa.gov,pdEj9qI1,jhuyge7
9,osarah8@cdc.gov,09Uh0qqi,csenior8
10,elodwig9@alexa.com,bDLG3n,kwyer9
11,phoffa@imgur.com,aY4xIjQA,aleadstonea
12,kjennrichb@ycombinator.com,UjmmWPoh,tnarramorb
13,dkhomishinc@w3.org,wcZWuf0NzS,mhendrickc
14,fferrarottid@marriott.com,VJOnScd,shawkingsd
15,lparncutte@booking.com,AJXInBi5,aeytone
16,vlunnf@printfriendly.com,tMVX52bw,rizattf
17,atrimbeyg@tmall.com,hc7iWsL,dmacscherieg
18,pwaleworkeh@jiathis.com,FTjWSlnRIzz,bbruntjeh
19,abreai@theglobeandmail.com,9kvvHIcD3K,tsutterbyi
20,msimkovichj@deliciousdays.com,2h6OSi6N,lheavysidej
21,usawardk@nih.gov,EiUOamQapd,vgorgenk
22,amacaleesl@mapquest.com,TFUzbWyHts,rskippingl
23,tgiovanazzim@ifeng.com,70jxmobv,jvongladbachm
24,mburlen@livejournal.com,q7NxBj,mrosnaun
25,sblundello@mapy.cz,UxcnKA,tsweeto
26,dmablyp@canalblog.com,P71xTds,qsayburnp
27,rshealsq@myspace.com,T0tEuT,tchessmanq
28,gmatthewsonr@bandcamp.com,E4vHL0AV,maustr
29,bfigguress@huffingtonpost.com,CSd9POVQ,isissots
30,rblamphint@home.pl,461BQB7LhnFg,nmackneist
31,cquinseeu@hostgator.com,0QBbdTL71Tt,aklimeku
32,tcopcotev@drupal.org,qvwvpct,jphoenixv
33,rcrowthw@ezinearticles.com,IyTSB9,djanczykw
34,llocarnox@so-net.ne.jp,D2Ocz98,tkillimisterx
35,fbramahy@mediafire.com,hStrSr,sbrynsy
36,lantoniazziz@drupal.org,hYwl2WQG,aboddz
37,cdahlberg10@booking.com,pHQnFyeEm,ecrowson10
38,jmayte11@ustream.tv,GMV9hCqOG,fspieght11
39,hgreenaway12@vk.com,1a8WLsA3Hx8,tmelland12
40,hbudnik13@bizjournals.com,gpTeFixgOEX,eferbrache13
41,hvaissiere14@latimes.com,pvEDdKKL,kbyrd14
42,dpebworth15@intel.com,E2CmzidH,kspillane15
43,mkesper16@t-online.de,UPH0flu2F4,hyouens16
44,cbebbell17@reference.com,eIbPSd0v,dknowlden17
45,ggalvan18@artisteer.com,eQzPnspVrORP,amallinder18
46,ekislingbury19@ask.com,018UpJ2DUN6,cadamiec19
47,syaldren1a@clickbank.net,6u8tLjpU12V,glunn1a
48,wkeaveny1b@statcounter.com,vaSyUjjbkr,dbinner1b
49,kisaksen1c@princeton.edu,gTlNmMrDjDYV,kdurrant1c
50,dgulley1d@cyberchimps.com,EvZUxKfcP,tcharity1d
51,cwrightem1e@godaddy.com,Qmdh7qH,msemour1e
52,achue1f@acquirethisname.com,AQ0xeRUXGR5G,hfilippyev1f
53,ohourican1g@ucoz.com,L1ioGSqzxpHs,wallso1g
54,rhuson1h@netvibes.com,fpfApl9VOp6,jcambden1h
55,valdam1i@myspace.com,UzSooy,emorrieson1i
56,nardern1j@163.com,zkCQKr8,mwigin1j
57,shugli1k@sciencedirect.com,1UQTRDdLSt,cdinan1k
58,twoollard1l@soundcloud.com,w5nNplC,kscarlett1l
59,hnaisbet1m@illinois.edu,5maLEcTia,dkilfeder1m
60,cbwye1n@lycos.com,FQnFb2z1NfY,bkiddell1n
61,ngrishelyov1o@geocities.jp,hm3sZBGkdTnr,rremmers1o
62,sperrigo1p@cloudflare.com,mMwtZO40vj6,acoxon1p
63,eodevey1q@wordpress.org,mp9SvMxao4yf,msafell1q
64,lscargill1r@businessweek.com,Vm9rcKa2,mboag1r
65,xfoden1s@oakley.com,1z0UzHJuv,aduhamel1s
66,amattock1t@google.fr,ltGFvQOFi,dwahncke1t
67,gbasilio1u@tuttocitta.it,bX5VmGg,vcesconi1u
68,wdomegan1v@tinyurl.com,FqqnAPeTBVT,ewanstall1v
69,hharries1w@mapy.cz,ju85DDByOhI,mmowbury1w
70,ewoolmington1x@bizjournals.com,wrDjNEljkrk,aablott1x
71,lverson1y@eventbrite.com,AcEqFwNb63pS,kolivier1y
72,jbeccles1z@jugem.jp,x52Wavl7,mdonnison1z
73,dleil20@who.int,45C5YvzJ,hbolduc20
74,lwroe21@google.co.jp,zcHjChLbrp,sfielders21
75,slemary22@blog.com,u30SNNbjDbX,evogeller22
76,mpebworth23@salon.com,ObZKBAM,ssclater23
77,lsweating24@kickstarter.com,SEZbDbFgBRi,vpiddick24
78,veates25@auda.org.au,lftBki3ST,nmuskett25
79,apierri26@netlog.com,ZZmndumhodSj,cattow26
80,lomara27@mayoclinic.com,rkXIi3,lmuffett27
81,aleckie28@tumblr.com,vVrGusyLcS,mhallahan28
82,bantoniades29@jiathis.com,3XeIJs,smatyukon29
83,chadenton2a@prweb.com,hMvssGVW0WGH,mmoverley2a
84,ebartolic2b@state.gov,xFisQ9assl,atoffts2b
85,kkaine2c@ucla.edu,jTmvgx8gU,dathy2c
86,sbetteney2d@ameblo.jp,RtFO0x3ZDaB,ibrainsby2d
87,tcasarili2e@yolasite.com,LrJTrOTViOiU,ispino2e
88,cburwin2f@goo.gl,q5R9SrmiW,drandales2f
89,csandal2g@spiegel.de,9i9hJsPZGY,emacmickan2g
90,kcrecy2h@ox.ac.uk,wAXmJzV,agothrup2h
91,abatters2i@shutterfly.com,2SEfYbjOp,mruddin2i
92,aluppitt2j@hp.com,rmU77HyjDla,fgrastye2j
93,jnurny2k@usa.gov,g5JaKyYhcXE,mpurvey2k
94,pbutchers2l@google.co.uk,NsY00BUr,gluckie2l
95,mpittford2m@cdc.gov,I4VP5xKbmVs,cstadden2m
96,bbramo2n@tiny.cc,oEm2Kv,tfairtlough2n
97,pollett2o@dailymotion.com,8DHoNX,aandreas2o
98,ccolvie2p@squarespace.com,JPsPKRi,nwisby2p
99,ldade2q@blogtalkradio.com,nPv56ZF1N,faronin2q
100,lmorrott2r@walmart.com,gBHK4MbV,rsallenger2r
101,kdekeyser2s@pagesperso-orange.fr,9pyDgRGb,cmulvey2s
102,catthowe2t@flavors.me,Fmtcxc,clehr2t
103,rmoodycliffe2u@who.int,eMQKMmRqS9,wproby2u
104,aatwel2v@msu.edu,lC5n9HmkOOo,kgoring2v
105,stumayan2w@msn.com,3hafz1ELdf3,mpolly2w
106,sbarrs2x@abc.net.au,Y98HeCU7bkI,tpercy2x
107,ggiovanitti2y@com.com,djTKiu1m,gsleightholm2y
108,fculwen2z@deliciousdays.com,1xjmlJz,nrenny2z
109,chearnden30@hibu.com,8K7Mg9nrlsNr,lklempke30
110,bmcclounan31@cafepress.com,d7ZQfq,hudale31
111,jalbarez32@purevolume.com,dg84ZWoGpK36,sbestwick32
112,ewhinray33@cam.ac.uk,YiSzL1TauH7Z,ebaverstock33
113,hfarres34@is.gd,SDP58MH3,esimison34
114,amilstead35@pcworld.com,S88e8LytEkh,ldickin35
115,felloway36@facebook.com,kUjckD,dasquith36
116,hfinney37@wiley.com,AVH4bl,ghouseley37
117,rmonday38@tuttocitta.it,PiOBVn1a1,ekendall38
118,tchicchelli39@parallels.com,JiLlPRioMyN,aflament39
119,rbanfill3a@printfriendly.com,xK58Lx3,cternouth3a
120,cwinkless3b@addthis.com,DLVlRT,plaurencot3b
121,bcorthes3c@altervista.org,daw2YHwS,aradbourn3c
122,lshera3d@dot.gov,r7itKkp,criguard3d
123,cwannes3e@stanford.edu,EGxBSfmAvIG,fbirchenough3e
124,jkoschke3f@histats.com,2dKvfV,rforestel3f
125,prubinek3g@smh.com.au,B3dc2BX,ktchaikovsky3g
126,sabramowitch3h@addtoany.com,CbOxFhW,cbrouard3h
127,ckarolczyk3i@reference.com,ozImgZJYDyuD,tfinlan3i
128,dpurslow3j@prnewswire.com,gFtdvIfFrS,wmoughton3j
129,nhealks3k@oracle.com,CCnR6t,nkimberly3k
130,nshorey3l@diigo.com,uA1dBDc,vphiller3l
131,fgare3m@goodreads.com,ThWgIb,dpack3m
132,flindstrom3n@unblog.fr,gmOtRYiizUE,jaronow3n
133,nkrelle3o@purevolume.com,MED4Gv4W,aclothier3o
134,arough3p@t.co,E8mUzbEN3it,nscrange3p
135,lnathon3q@hibu.com,aeewfHI,jgrimwade3q
136,crummin3r@google.es,MQ80Y3j7H2S,aevens3r
137,dmacgorley3s@senate.gov,hyHCc1UUL,hnipper3s
138,rpero3t@boston.com,mWs60gSAYf,echstney3t
139,jlimpkin3u@mapquest.com,q6leSKQaJ59,rgarth3u
140,lhealing3v@wired.com,5lglsOrRVBvp,wpaulot3v
141,tdomney3w@nbcnews.com,qTJi6VA,fgarnsworth3w
142,jmariolle3x@blog.com,lXTxERCHj4kE,abiever3x
143,cmellor3y@nhs.uk,jk3sLEkpyau,egamon3y
144,msweedy3z@sitemeter.com,gB5GWGxFz4eI,kmaccartair3z
145,fpybus40@meetup.com,tURNVQ,gmugglestone40
146,silyin41@engadget.com,OYF3Eg,dcleugher41
147,oerbe42@live.com,PgH0u5f,ccastagne42
148,bmcnirlan43@biglobe.ne.jp,4Dieomp5,shanhardt43
149,amcisaac44@ask.com,JbEW7EbV,rlouder44
150,gstaner45@homestead.com,0qVOn5,sgainforth45
151,jnoorwood46@cyberchimps.com,Bq5iLzVY2,cabrahams46
152,mmacdermand47@census.gov,5ovOsC69niIw,eschistl47
153,kdunley48@mysql.com,FnBSIhn,cleates48
154,dguild49@webmd.com,S1KAdgV,kbiever49
155,mbohills4a@accuweather.com,d2Yc17saiy,sconrad4a
156,nleaton4b@marriott.com,2cVE5XeuKw,cjirasek4b
157,abrooksbank4c@fema.gov,XRTA8b0,bpotapczuk4c
158,lhallatt4d@rambler.ru,MktO0OP,atunnacliffe4d
159,fscroggins4e@nhs.uk,4SySKoR5,jbenaine4e
160,cwaller4f@parallels.com,mkRse3rO,cpellew4f
161,iapplewhite4g@cbsnews.com,OcyLfx,skeveren4g
162,bbentley4h@hc360.com,fT5swyGYOU,kwalkinshaw4h
163,esaltsberger4i@usda.gov,Iwncnlv,vstoade4i
164,gklosges4j@unc.edu,ptqXBny7r1Dp,rpestell4j
165,jasel4k@admin.ch,Lr7RQy,emcmanus4k
166,ddeppe4l@state.tx.us,yyjW6JcMPl,gstancliffe4l
167,bsabatini4m@google.co.uk,Gzpjjo02q9,jcorcut4m
168,igiraux4n@washington.edu,6SEtOHkQ,jdongles4n
169,egainsbury4o@bigcartel.com,8dgz5joyd,hjosiah4o
170,gmatzen4p@people.com.cn,j0mvWhLhl0w,mwalkingshaw4p
171,tsponton4q@tuttocitta.it,ugEel3,hivancevic4q
172,lattwooll4r@elpais.com,xdTOYdUwNp,bfremantle4r
173,fdarwent4s@discuz.net,7tEpTYG0yoV,mlefeaver4s
174,rnoon4t@aboutads.info,HuO2ucC5CT,kaspland4t
175,cchatband4u@gmpg.org,fzDHsSb7XQD,aconduit4u
176,ddullaghan4v@so-net.ne.jp,QPHsRyTwWEj6,fgrzeszczyk4v
177,nrooper4w@webnode.com,Z0o5khIRSRV,dwalkley4w
178,bhan4x@usatoday.com,kSdSmU1Zy5g,jyaldren4x
179,tohegertie4y@weather.com,L8M1fP,cquittonden4y
180,bcoey4z@businessweek.com,91vdhVj,dridel4z
181,swinwood50@thetimes.co.uk,DzE8YMu4BH,kberney50
182,mbretton51@uiuc.edu,wFexHDihU4n,nrangell51
183,mwhatford52@topsy.com,ysSX8mK8YLx,dfelder52
184,csinney53@aol.com,CJFyT0,gmicah53
185,iskupinski54@amazon.com,bvWka8Ippl2C,fbufton54
186,ahotson55@theglobeandmail.com,vrkHlQ3d,ekieff55
187,sburborough56@naver.com,QX0OQztxET,jranson56
188,mleathley57@archive.org,i6x1j7os,csaph57
189,wnathon58@360.cn,i1jyg2bWv,apotkin58
190,jdellenbroker59@rediff.com,tPtJ04Y,nlampaert59
191,bmackieson5a@ameblo.jp,c8JdLEzclL6s,edunster5a
192,ejoul5b@multiply.com,w9Jzbt,challstone5b
193,abeckhouse5c@google.it,9P9gnCv3jJMX,bpizey5c
194,adivine5d@slate.com,1f7VWJ,wciccerale5d
195,lriguard5e@ca.gov,woVHZ8DGhz0,msygrove5e
196,ogothup5f@telegraph.co.uk,f0Gyouyx4ne,echinery5f
197,nphonix5g@behance.net,SlOlOW2uYH,gmaltster5g
198,thanster5h@eepurl.com,d4hrQH0W,bobeirne5h
199,hgylle5i@dropbox.com,KdcL4IeQ,rtrevance5i
200,bjochanany5j@dagondesign.com,PpAzhLaJ,mmouser5j
201,criccardelli5k@deviantart.com,CBiKd2rKvoO,msuttill5k
202,lyarn5l@google.co.uk,7RBbiWv,nfossey5l
203,fjoblin5m@nature.com,Q4aG3dCjQ,mdimnage5m
204,ayearne5n@instagram.com,NqP3VA,rsargison5n
205,ndyas5o@tripadvisor.com,DIPPybwt,lyoules5o
206,scasone5p@ning.com,MAmqMGR,afranciskiewicz5p
207,tcrichmere5q@mit.edu,DcQmlBpAc,eeastcott5q
208,arowatt5r@thetimes.co.uk,z6560DHhE2,xgarm5r
209,ebertrand5s@hostgator.com,9FrHZP9,adelgardo5s
210,dalcock5t@live.com,6qp2B3F,nbaudino5t
211,bcassy5u@about.com,GFZrHeyNgu2E,mmollitt5u
212,vrawlings5v@forbes.com,f4bOyV,bcripps5v
213,mkembley5w@ifeng.com,C3Hybpk7BG,cstorr5w
214,mrattry5x@macromedia.com,HsWdbkI,graison5x
215,ltreasure5y@163.com,V0lCjP,zfrancombe5y
216,rrottcher5z@alibaba.com,J9HQL2QdYY,atressler5z
217,iwarrener60@hostgator.com,Nd7eYyRF,tlanegran60
218,ppariso61@bloglovin.com,pKem47i,irape61
219,dgatherer62@meetup.com,TDKT8qOPe,hfeasby62
220,bivison63@alexa.com,TUOhlzeqA,cbarz63
221,rgarham64@fda.gov,5TPAUpmfTRn,esimpkins64
222,gsimoncelli65@cafepress.com,ZRJpaa,nsacco65
223,rrobbeke66@jimdo.com,FGaQPbfjQ,cfardon66
224,cvirgin67@scientificamerican.com,Tl9X1RDQ,vnorthrop67
225,bjaine68@reverbnation.com,VRJiVJu,jmcgaugey68
226,bkohlert69@instagram.com,6rBHp8doB5,dstrapp69
227,ccaudrey6a@usda.gov,MU8E3a6f,ewyatt6a
228,diannuzzelli6b@stumbleupon.com,nxIKrrVwExa,wgirard6b
229,gtourner6c@bbc.co.uk,dDqWxOFcPQfN,sruthven6c
230,dlongstaff6d@umich.edu,fsekqK7VNW,jbellinger6d
231,sabrahamson6e@washington.edu,kaV3gH,afreestone6e
232,scummine6f@nydailynews.com,m4AA7ln,cpack6f
233,amains6g@mediafire.com,NYDIZuG,mjenk6g
234,hvasyukhichev6h@icio.us,9SfiWwwndQ,etimmes6h
235,sgwyllt6i@washingtonpost.com,74pGPeuyBG,dshakespeare6i
236,kbeckers6j@cbsnews.com,lYQx8BsAN,jmoisey6j
237,areyson6k@t.co,Ahh47CQfl,wmeigh6k
238,rwooddisse6l@amazon.co.jp,0o60pBaU765,aboame6l
239,ivint6m@meetup.com,bIGqQ9tXUc0,sgiacovetti6m
240,rraffon6n@dedecms.com,lNPMbQNQRgg,rayree6n
241,jlongmire6o@slate.com,1Jyu6wD3HWP,wollerearnshaw6o
242,scarriage6p@nhs.uk,33fovgaShPLw,pburker6p
243,brule6q@wikia.com,X2fdOPAgnF,bogbourne6q
244,msekulla6r@quantcast.com,We177Muy,bstidworthy6r
245,ujaycock6s@statcounter.com,mV2NHd8,fwithers6s
246,ueuplate6t@surveymonkey.com,26RsdWQ0Nj,jlarmouth6t
247,kdunkerton6u@seattletimes.com,ZDQ5LPI,cdurham6u
248,lloges6v@miibeian.gov.cn,380CNNQPd,mbrumfitt6v
249,tbrigden6w@noaa.gov,qMh3sBznwfB,jspohr6w
250,dcuruclis6x@woothemes.com,ssefBOFl,lstanfield6x
251,ahanhardt6y@mit.edu,QdSoWFGWdSAk,fgipson6y
252,fbenterman6z@auda.org.au,VE0epm9DeM6R,bperry6z
253,pbrandreth70@bandcamp.com,AntlfbgSSrE,gbartolomeoni70
254,cfaley71@smugmug.com,1SAcpYguQu,kchell71
255,hscott72@state.gov,HZWXxV1V1pk,sdmisek72
256,rwestby73@trellian.com,7AUQ0or72W,fallery73
257,lflancinbaum74@cdc.gov,TqHXLR,bschuchmacher74
258,aclear75@paypal.com,5iFF8WY3q,acathersides75
259,mkennington76@mozilla.org,cjnzAsz5w15,rtakle76
260,bsaffell77@nature.com,sH86lnlm,vbenedit77
261,wtheml78@whitehouse.gov,VrLHmQZCucr5,abulloch78
262,ejenicke79@eepurl.com,Wndg4YBdN,bdalinder79
263,lgrinval7a@mlb.com,WqfvEyp,lhentze7a
264,barrol7b@wikispaces.com,GpNppT,dmathew7b
265,lrourke7c@sphinn.com,CtGbGui6hcAs,dansill7c
266,afern7d@webnode.com,gWybEIdfMP,saskem7d
267,hpostan7e@nydailynews.com,rXGYHP1A,ikuzma7e
268,mlurcock7f@mozilla.org,M1Wd2czfI4y,astanley7f
269,mitzak7g@indiatimes.com,xLOA3F3,aesparza7g
270,dvakhonin7h@biglobe.ne.jp,EIMly5,cpierri7h
271,cfoucar7i@odnoklassniki.ru,2eOzL0j8,ggilbertson7i
272,sbernardt7j@shareasale.com,FiBnvnm,kstoad7j
273,dtym7k@princeton.edu,j7085eGrCx,rbeadham7k
274,ydruel7l@sciencedirect.com,mXwo2mn,lallder7l
275,ascyone7m@weibo.com,vPaerM,ustockell7m
276,lwincom7n@virginia.edu,hGR0op,hdudin7n
277,kprynne7o@nytimes.com,caaEAHwCn,jhamil7o
278,shollows7p@quantcast.com,Onc5for1n,rgerhold7p
279,cdogerty7q@mlb.com,bpNr7jF,ckelbie7q
280,lflute7r@cargocollective.com,kOp61UE5MsY,obecerro7r
281,sdowears7s@who.int,kFoUv8kzmw,smacdunlevy7s
282,blancley7t@hhs.gov,CyIvfJSaeVfw,mgelletly7t
283,teastlake7u@acquirethisname.com,O7RXaA2RGsTF,srawsen7u
284,aseabridge7v@stumbleupon.com,S7e2rH,eform7v
285,gspencelayh7w@huffingtonpost.com,y1OjoTUv4F,dpontin7w
286,iperico7x@narod.ru,8cSdFAq,kadel7x
287,plingner7y@unicef.org,SIPdSq,kkiezler7y
288,rstapford7z@fc2.com,vQyFIF7FfMHK,gblinde7z
289,cfagge80@desdev.cn,OLPTiI,aberkely80
290,cwhelpton81@mapy.cz,aDwZzWWHPVS,vmartland81
291,etoop82@booking.com,ibxUyEecG,nchilley82
292,hpollok83@shutterfly.com,9xvqMbde,jurwen83
293,lsaull84@ehow.com,M0vJeLYtCBBl,radame84
294,jpallaske85@t.co,WWKZdF5jt,cmauvin85
295,tcorby86@cpanel.net,mjMkQTDA,abigglestone86
296,nnappin87@hubpages.com,SpeEW2Fp2bl3,rarchbald87
297,thaggith88@networkadvertising.org,jf775zHuu0S,hduetschens88
298,ndaventry89@dyndns.org,AJlsnb,wdisdel89
299,fgye8a@tripod.com,5ZCorKlfkOTz,amouth8a
300,cwolfers8b@indiatimes.com,0vhSxw,drathjen8b
301,lfrizzell8c@nyu.edu,XzvPfx26,ibargh8c
302,shounsom8d@loc.gov,YO1EeDxmtT,jpickup8d
303,jbreit8e@yahoo.co.jp,ykV8sKwh,kgillbee8e
304,kkennion8f@people.com.cn,v44hFA40Jwb,gconnerly8f
305,efenkel8g@privacy.gov.au,OHpJ1K,kcanas8g
306,lsaladino8h@list-manage.com,Bthq63fF6vHW,gheather8h
307,ccode8i@mayoclinic.com,nSXJYLp,tbader8i
308,kabrey8j@senate.gov,R0vMRK,spullin8j
309,tstitle8k@unicef.org,eDy2PwSk5C,kseif8k
310,bdeignan8l@digg.com,YgbB4J,epierro8l
311,qbrayn8m@discuz.net,3lFncFYoBttn,jbauldrey8m
312,dnizet8n@flavors.me,CKN32N,zjacobowits8n
313,bstclair8o@state.tx.us,ZhXV3czgmn0,achaytor8o
314,eraiston8p@dailymotion.com,IcaEvtGH5HLc,hbuncombe8p
315,trubin8q@comcast.net,6eRECsj6UO,astatton8q
316,fwilmut8r@constantcontact.com,Y1JeNl0Eb,gsleeman8r
317,bcarabet8s@symantec.com,FmWVLY,hgoodman8s
318,blytton8t@storify.com,CLjjgocbui6E,cwilliam8t
319,jpagan8u@deliciousdays.com,DfXQDImLCYsS,rsoares8u
320,lperago8v@youtu.be,fYrG3X5R9,kwriter8v
321,itomaskunas8w@toplist.cz,Y0FZ0oMs4,oballsdon8w
322,lgon8x@scribd.com,gnWBcR,stombleson8x
323,rtindall8y@mapquest.com,ovN4ScvV,sheggman8y
324,ddevlin8z@mail.ru,fbkr8wP,mbuzek8z
325,dcorzor90@nsw.gov.au,3O6GkCFtY,mmckeand90
326,ascrimgeour91@youtu.be,reYGIBsx,pimlock91
327,abrownsworth92@cbc.ca,vwLSAjfB,kflieg92
328,rmcnally93@ehow.com,DsnbmJEjdBw,nivakhin93
329,vlawerence94@paypal.com,OFWvz1dhfM,fmissenden94
330,lmacphail95@mysql.com,2td4xnZ6zZ,smatschek95
331,vhowchin96@ycombinator.com,U7lXTOa,zmangin96
332,bsinclaire97@bloomberg.com,K7rE0T8,apinnell97
333,wsibray98@surveymonkey.com,clOvRr8,wclaydon98
334,mmcbeath99@fastcompany.com,njHi9k,cwarman99
335,tmemmory9a@amazon.co.jp,95jlmkWTxXrK,hrymmer9a
336,cbaldock9b@storify.com,K1i41s,nwhatsize9b
337,ckasher9c@hao123.com,4jMS6OmSq2K5,htilby9c
338,ttullis9d@ted.com,KqPoJkBFUA6,rshillom9d
339,jjimes9e@google.com,YjjUCNpjL,bdemongeot9e
340,nbonaire9f@merriam-webster.com,MFrRecgZ,zpetre9f
341,mchismon9g@telegraph.co.uk,J8nIaa,lwebermann9g
342,bhynd9h@about.com,hjlcM5PZYaWq,dceeley9h
343,ftimlin9i@123-reg.co.uk,YWVjyaT,rburrett9i
344,lgisburne9j@seesaa.net,MFwRr8VKd,acholwell9j
345,bmedler9k@imdb.com,98CiDm,mcraze9k
346,sthurling9l@vk.com,WMnpsU,mwalby9l
347,dhobden9m@jiathis.com,pwKHIpiNszL,rgittis9m
348,crodenburgh9n@washingtonpost.com,WeAmhAP,sdicks9n
349,edhennin9o@friendfeed.com,PehJ1AX,sashborne9o
350,tmcgannon9p@microsoft.com,v83VqNS1L,cmasi9p
351,gicom9q@nature.com,9nfZ2t9C,namburgy9q
352,epetrakov9r@scribd.com,GvcNIEMy,hfostersmith9r
353,coldham9s@psu.edu,FBphbm8PZnid,snovelli9s
354,ndelacroix9t@i2i.jp,qg9zD9fBgFSq,ccathrae9t
355,ehayley9u@networksolutions.com,910WLHzqTwK,caldiss9u
356,jcanellas9v@geocities.jp,DbfEFuu,brassmann9v
357,fburghall9w@ebay.com,emH5Nxt0KtnD,mlife9w
358,ehaisell9x@squidoo.com,mhXBl17NcI,bsurman9x
359,ahayball9y@bbc.co.uk,TUyYA9V,dtanslie9y
360,dstanway9z@boston.com,3ngUOM3O,adellenty9z
361,ndwighta0@toplist.cz,lur7xFITloj,cainscougha0
362,jcoultharda1@ihg.com,wjeasxGgo,kwallicea1
363,kforseya2@weebly.com,bdFF5oCuL,nmcjerrowa2
364,tcheshira3@constantcontact.com,Llw8xsqgHqd,ddullinghama3
365,jechalliea4@smugmug.com,PyR6GC,wgersama4
366,soxendena5@phoca.cz,stZSsX,dragsdalea5
367,lsevillea6@hp.com,CofiiXl,gbeagriea6
368,cgingela7@cyberchimps.com,v4W43fFBj,nwasielaa7
369,jjasiaka8@google.com.au,K3Tocsj,dspollena8
370,mzecchiniia9@rambler.ru,NwVFibi,emaywortha9
371,mphizackarleyaa@hud.gov,Qbq4Demre9x1,adummeraa
372,bmcrobertab@loc.gov,CTM621sHk,pbottomerab
373,cwrayac@google.ca,DooVOO6Vks,cpitceathlyac
374,ddurningad@etsy.com,IBl9WF6,kaxonad
375,arenforthae@psu.edu,SbywZrE,gapplefordae
376,haverallaf@google.com.au,sj4I45fogHC4,voshieldsaf
377,amackenzieag@bluehost.com,mvIv7X,fzoliniag
378,rhurlesah@newyorker.com,Ba4JHYtC,trichieah
379,dgoriniai@posterous.com,MAnVMP3fVC,dwilceai
380,rlovataj@multiply.com,zdq1IIO,dosbidstonaj
381,jrubbertak@examiner.com,wZlBikBC,qpassbyak
382,fgilbodyal@weebly.com,VoXRSK,tgollinal
383,jjacobowitsam@shinystat.com,HcOzAXI,rchampkinsam
384,zambroisinan@toplist.cz,N7NEV9,rdibdalean
385,vworsallsao@craigslist.org,Iai9IoLcBr,akingettao
386,wjeannequinap@mtv.com,FIaKMItjgQ,sstarkieap
387,rcraneyaq@bloglovin.com,vuiohb88p,khugonnetaq
388,sdrayar@ifeng.com,QhnRm9v0eeY,coraffertyar
389,adoctoras@smugmug.com,KBeztHsrx4,tedgsonas
390,kguerraat@netlog.com,hXByHYJP,styremanat
391,jglossopau@skyrock.com,ijrQjq8oT,ckenderau
392,cgibbonsav@mlb.com,7XjGyiNPE,ocordyav
393,dcottyaw@cbsnews.com,ItmgdsreMY,aclementiaw
394,cbuteax@freewebs.com,Gd1X3V,csebbornax
395,trosebothamay@zimbio.com,MIBSpAEb,akrolleay
396,lbushelaz@tamu.edu,Z1oDae8u,aneilandaz
397,bkellickb0@eventbrite.com,V5O3Iq0rZ,hsaulterb0
398,mbayleyb1@biblegateway.com,JYG40pgTV,kboeckeb1
399,ejerromeb2@example.com,LdjQKy0R,kavissb2
400,mpennringtonb3@spiegel.de,YAsKkt,tdahlerb3
401,ddallossob4@va.gov,W6AUsIS,ichesmanb4
402,nkildayb5@irs.gov,xdqeW01dwhvm,npervoeb5
403,rpaulusb6@cpanel.net,pTFBxD1CAi,rneljesb6
404,lwhyteb7@umn.edu,NXLRM3kqMa,eheinrichb7
405,bambergb8@spotify.com,lEw066LDMg4n,gspraggeb8
406,agheerhaertb9@buzzfeed.com,xXciVfbpw,ssterreb9
407,csentonba@marketwatch.com,2VOCDE4Mo4L,ccaveba
408,tlakeybb@hao123.com,ubPvZ6Y0v,solenchenkobb
409,sosharkeybc@mysql.com,bOxbEd91,rtremellanbc
410,jadenetbd@ask.com,dd8YzmUYqR,scrannabd
411,abehneckenbe@bing.com,8rNQW4UNjud,mharoldbe
412,maseefbf@harvard.edu,yURQVWVr5,rknappenbf
413,mhedworthbg@elpais.com,jOqmmUwotUjv,pgunnbg
414,fproughtenbh@wikia.com,wHJQvdn,flinkebh
415,rbabonbi@nasa.gov,BMrC0dmT,taxcelbi
416,dtomlettbj@behance.net,itDAfuT,fcolledgebj
417,jcluderaybk@squidoo.com,3iVlmASjuo4V,dsatebk
418,fdibsonbl@bing.com,y9KNOW5,mbattaillebl
419,adreganbm@gov.uk,5PHbtEPuU,rowthwaitebm
420,sbottonbn@zimbio.com,PGPYwPQ4ZGc,trayntonbn
421,amarchingtonbo@telegraph.co.uk,51tcJuux,tmillanbo
422,pwaterhousbp@de.vu,758kgN,jmacaindreisbp
423,wlafoybq@prnewswire.com,HyaYi5uZg1,pgreslybq
424,mcorkettbr@intel.com,WF1IKCaf,kbuzekbr
425,ksuddardsbs@sakura.ne.jp,nkRtrE,cmartinuzzibs
426,drosettibt@stanford.edu,UotYWvPVA,bdixbt
427,kjerischbu@uiuc.edu,m0pVJ5TzFh,tmeralibu
428,ktrickeybv@ca.gov,RRjg13R,jbrimblecombebv
429,spauluccibw@hhs.gov,UzZbP7SV1da,lquantbw
430,rpinyonbx@cbslocal.com,0p6I7LReHi,abasnallbx
431,msherbrookby@csmonitor.com,2f7BFXQ1XG,hboucherby
432,pfairlawbz@irs.gov,XaEIlHN0,dkilbournebz
433,bdeyec0@bigcartel.com,bknbfhGIM,eathridgec0
434,dsulllyc1@lycos.com,YTHSG5PXTo26,htenchc1
435,cginglesc2@soundcloud.com,Ze1aFnlXT,atrudec2
436,bedec3@nasa.gov,PasgyaPe7Pow,dcoec3
437,rhenstonec4@earthlink.net,zixsHexEVrD,hmcpaikc4
438,kwestwellc5@quantcast.com,w5ZTZL7ZZ2A,eellingsworthc5
439,nbreytc6@salon.com,X6ZOVUKem,vauldc6
440,dlenoxc7@nhs.uk,m0v2PMUg,bgrewarc7
441,cklaggec8@epa.gov,8u4RJGfn,fkillcrossc8
442,akroinc9@nationalgeographic.com,UkMOm2,kaleksidzec9
443,rmiddasca@prweb.com,Am35cP,ragneauca
444,ccreamcb@mapy.cz,FSPUpoy,fthulborncb
445,cizatcc@freewebs.com,YAfoFtLHN1,swalteringcc
446,agoblecd@ycombinator.com,zjTLbgHv,cbundeycd
447,scrasfordce@themeforest.net,jJRuvd5InWIg,egarrettsonce
448,efluxcf@rediff.com,QVDwETt,camayacf
449,afayecg@cargocollective.com,QYgobg9X1h,avilacg
450,cstansallch@answers.com,87LMxFsz,amccaughranch
451,gsharplinci@rakuten.co.jp,SWCiadSG,reakeleyci
452,kplumptrecj@moonfruit.com,28ySaG,amcgowingcj
453,jmcbreartyck@berkeley.edu,EeOeZY3r,vwesselck
454,mroloffcl@163.com,ZdScqOdH,dtyttertoncl
455,fbraybrookecm@noaa.gov,jpVAMfuXPXE,mrennockscm
456,bpoynercn@usatoday.com,imwZ3Nvz3A,pperettcn
457,skollachco@macromedia.com,pfJjPV1,tflandersco
458,mhamelyncp@booking.com,vi9gTttwHI,mkolyagincp
459,ddumbrallcq@rakuten.co.jp,dOsNS2,jmollincq
460,acrosslandcr@elpais.com,Ba305Z,kscuttercr
461,mburgescs@google.co.jp,hM6FPkxJ,bmariecs
462,tolesenct@zdnet.com,oSmxQUmc2,eoxterbyct
463,alowerscu@meetup.com,ZMzcqPnyZ5j,tgirardicu
464,ilicaricv@nps.gov,ei1RcEgCVjwU,vcornewallcv
465,troscampcw@baidu.com,8auawS3a,blazarecw
466,jkamenacx@infoseek.co.jp,CTcWuxxt2g,joluwatoyincx
467,cstuttcy@bandcamp.com,Yo8JD9Rdd,iourticcy
468,cderricocz@cornell.edu,ctfKB3g4k0,jlittlercz
469,jdilnotd0@surveymonkey.com,WNfTN0,sjenessd0
470,bethridged1@webeden.co.uk,vKOuA39fSs,mhayd1
471,mproudlockd2@bandcamp.com,9fBFHtoHZuPB,dhumburtond2
472,shamond3@baidu.com,ZLCnV67Zs,bninnottid3
473,aestabrookd4@pagesperso-orange.fr,AaxsFI,fjaouend4
474,cpollyd5@skyrock.com,d373uH9pyfF1,idwaned5
475,mkliemchend6@hugedomains.com,7xRo6ghG,mhousiauxd6
476,aevequotd7@scientificamerican.com,guxqRh5Tk3ff,srookd7
477,mcadigand8@mit.edu,YNnSmtjkKz,jyuryevd8
478,kwreakesd9@mtv.com,7XpvqVPcLmFB,twyllcockd9
479,bmellenbyda@wp.com,71rkarkmhS,cmalimoeda
480,kmcwarddb@forbes.com,5LHQPiOf2,sduncombedb
481,mradsdaledc@last.fm,2Yn9CDFZ7,rvittetdc
482,adilaweydd@bloomberg.com,jEncop,dulrikdd
483,eearneyde@abc.net.au,y4dGmPKT,jledsterde
484,tbalfredf@cafepress.com,Vmk03L5yOvdJ,bcudiffdf
485,agoudedg@statcounter.com,udzLgkNfFfUe,hbiswelldg
486,rgodartdh@w3.org,jc1a3i8F0Q,kwhitmarshdh
487,gbladesdi@feedburner.com,Zvy9CbfRGBpR,cdoedi
488,sfawthropdj@time.com,EzkjKruyGt,lupcraftdj
489,amorantdk@un.org,jQ45DXTk,rmcmakindk
490,rhannerdl@mediafire.com,MVTlUcrSy,tmathysdl
491,gadshededm@oaic.gov.au,nFNVyb1,bbillingtondm
492,lfennessydn@bandcamp.com,zvExhue8,lcaughtrydn
493,plepagedo@cnet.com,71mDUv6JN,ekettlesingdo
494,pthongerdp@salon.com,ZgT1trB1FJ,wcheesemandp
495,lneadsdq@plala.or.jp,uIuHUJDvG,kbamlettdq
496,achristiandr@berkeley.edu,yyEEn1QhQ7nW,arasselldr
497,echewterds@clickbank.net,oGTMUNXVBG0w,ttunnowds
498,kcrowcroftdt@cloudflare.com,QsYySN3O,dbywatersdt
499,vnorresdu@webmd.com,3ddJtzKt5yo,sbuncedu
500,pfoystonedv@hugedomains.com,yeym3hMN,jjeppsdv
501,pklemkedw@skype.com,d5kHTvMP3,mcrossthwaitedw
502,bdaeldx@angelfire.com,HuqFEP,hbemmentdx
503,hsentendy@wikimedia.org,wFCOkQNpDJn,bferreirady
504,kbremeyerdz@qq.com,S9dzK9L,rmullesdz
505,dchatrese0@google.pl,dQmaBGjf,ccattoe0
506,fvanne1@phoca.cz,xRlaPzO,bgassone1
507,dtofaninie2@auda.org.au,a3WpvuyvOn,eanselle2
508,dveritye3@japanpost.jp,6JyYKWnA,jbubbeare3
509,dshankse4@etsy.com,qQofJH3C,zbowshiree4
510,dbrodeaue5@nymag.com,KMiPQWuSONyl,ssheeree5
511,omorride6@pen.io,IHD3nxeiMw,cbasnette6
512,gbradberrye7@jiathis.com,oeOOQR0qqIjA,btoonee7
513,dderwine8@zimbio.com,7IioyqicCd,trobardete8
514,mmaccaugheye9@chron.com,lAT6l0NYpazl,rdeanee9
515,fdorotea@discovery.com,63Ml1pA,bkuschekea
516,vrenakeb@squarespace.com,FMc0jil,mschwandermanneb
517,fbartec@blogspot.com,fzNqGLbu,hamberec
518,cbrehauted@clickbank.net,nFuDozk111F7,rstaggeed
519,nyegoshinee@goodreads.com,eoNEJp,wbritneree
520,msprakeef@histats.com,NPHOpc,pschimankef
521,grotherfortheg@twitpic.com,P3S2qw1e,mhaywardeg
522,mallaineh@artisteer.com,CaAkZN22J7r,dlewishameh
523,dtredgoldei@yandex.ru,EtKKvfKN,klorrimerei
524,kscogganej@ask.com,qkK3hf,shampej
525,neiversek@google.ru,0Wz6S5vwbkl,lfarriarek
526,skadwalliderel@xrea.com,zIv8k02i1,nstainsel
527,oklimowiczem@reddit.com,3tTFId8nSJGu,gbradwellem
528,mcoultassen@flickr.com,d8OBXaQ,smadgeen
529,jmcevoneo@themeforest.net,wLCh6XDpbwvc,jmifflineo
530,khollerinep@yale.edu,eQTanUUXzCM,mjahndelep
531,elabitteq@cdbaby.com,a7pgqG1VcUo,kabelleq
532,aohanloner@imageshack.us,wiGtOXD0,aryleser
533,zdibbenes@mysql.com,PdE8KM,ctreweekes
534,ehadwicket@chron.com,o3u4xaMAIt,cbarnevilleet
535,iabrahmsoneu@blogs.com,apvKc3,bwinchcombeeu
536,jespinhaev@live.com,8A2ueOd,dnorewoodev
537,pkendrewew@loc.gov,jAxvJovww,dveldeew
538,kcolletex@booking.com,e60Z9vo,jtwortex
539,mmeatesey@sciencedaily.com,Gj2X7prgpgR,wgatherelley
540,akarolczykez@geocities.com,YpfwHa,gboocockez
541,cnormavellf0@marketwatch.com,ESjiPp,saltonf0
542,ahaselgrovef1@guardian.co.uk,DAlWBel9E,rcundyf1
543,clumbleyf2@desdev.cn,Hsx7GQy23KFh,ublackallerf2
544,gambrogiof3@networkadvertising.org,MtHAUg,agauthorppf3
545,bsplainf4@people.com.cn,Bwe1rQql,ekilkennyf4
546,ttorregianif5@wisc.edu,k95hJJz1,skeeleyf5
547,mhaldinf6@g.co,ujdRla5DSic,ralbrightonf6
548,lspikeingsf7@pen.io,SPSmBfE5yb4,etoffolof7
549,cfolshomf8@zdnet.com,5J4b3ABTyJOC,lmcalessf8
550,kpountainf9@google.com.hk,zgfaC11OPev,chacquoilf9
551,cguswellfa@devhub.com,0BoHHAPmhoN9,adelleschifa
552,bverlindenfb@fc2.com,tSIsGvIexIQ,nricketsfb
553,ccaistorfc@psu.edu,stLUb11ne,bskyrmfc
554,gscuphamfd@alexa.com,lW4X3kCai,rborgfd
555,mlightbournfe@miitbeian.gov.cn,GqtFvIWw,hflaxmanfe
556,nkalbererff@rakuten.co.jp,QPlk63CCevEm,lhaquardff
557,jsimonninfg@theglobeandmail.com,D0tpRmcp,plambertfg
558,fhowkinsfh@example.com,cW7TFBMLh,mdunkirkfh
559,ebuddfi@usnews.com,NkctAq,bringefi
560,mstamperfj@diigo.com,7ftJU4UN,cwhitelyfj
561,pfoadfk@google.ru,dbmQqYcBf1,kyanelefk
562,tolneyfl@facebook.com,BvYItnJjs0,igwiltfl
563,chillattfm@epa.gov,C7B3ci,hdielhennfm
564,jclaughtonfn@oakley.com,57vtDebM3si1,kyearnefn
565,losbaldstonefo@hubpages.com,8FJDUwX,snenofo
566,jgludorfp@bravesites.com,dWisZUapyeaN,eclemendetfp
567,sdesmondfq@weibo.com,lLmNVLa,csayrefq
568,tkiddyfr@multiply.com,nvTS6GdN9Sy,jglossopfr
569,awillavoysfs@dailymail.co.uk,qC2CuGss0w,dgarfordfs
570,jherriesft@washington.edu,Fdhk0TvO,acherrieft
571,yruthvenfu@is.gd,WGYUkb,trumblefu
572,mswinburnefv@netscape.com,XDozyYUgo,tberthelfv
573,ksimonatofw@paypal.com,Jf9rjPV0LEp,fbevesfw
574,abenedettinifx@statcounter.com,bcvwFYBmeU,nhillittfx
575,rbaddeleyfy@privacy.gov.au,CawrmYc,lpodsfy
576,cdamatofz@rakuten.co.jp,iG9RyrFW,pjacmardfz
577,gedesong0@mashable.com,SBT4Q2M,clighteng0
578,nharkessg1@cpanel.net,NpjOEWJoBsF,kdraneg1
579,jgadesbyg2@ebay.co.uk,7xXVXw4bw,modoghertyg2
580,asnalomg3@networksolutions.com,PTz9jo,jhallowesg3
581,rgallienneg4@scribd.com,oVmU6mmRB,tzanettog4
582,ksindleg5@liveinternet.ru,hErrYOqjVTlm,yfoskewg5
583,hspilsburieg6@technorati.com,5bNBPJLj1,cthunnerclefg6
584,mfiggeg7@mail.ru,7IHrkgPrh0,lgobelg7
585,mdavinetg8@sphinn.com,OsTpeFEjEEm,owarstallg8
586,bbalmeg9@weather.com,K5JT42jfOb,pcokayneg9
587,fambrusga@yahoo.com,cYBWuv9NAbu,uiskowiczga
588,abanfordgb@upenn.edu,pDG9Ic,cbidewelgb
589,cvannucciniigc@twitter.com,Mb5wJFlI4O90,mmeltongc
590,mportingalegd@wisc.edu,QWqrC7bzt0,blatimergd
591,segletonge@livejournal.com,vJ8APt,lfloodgatege
592,pdovestongf@privacy.gov.au,V2XtH8Ro6N,otremellangf
593,bgilsongg@who.int,6PbfCnsJJf1,mbaiteygg
594,elorrimangh@uol.com.br,yYbjJ975,bpaddisongh
595,mallerygi@indiegogo.com,HPgHtdATb,amacdirmidgi
596,srockcliffegj@tinyurl.com,2slyzah,gthairsgj
597,mfanthomegk@ftc.gov,srwhjirzmFq,wscahillgk
598,nrositagl@tiny.cc,ZyPCCKVD8ZwJ,rlinebargergl
599,vlallygm@parallels.com,AIlQEBGeEBq,cdewerkgm
600,avasovicgn@github.io,08YIvQf,hsinnatgn
601,abenninckgo@whitehouse.gov,wGu2RF4I,abaingo
602,chancegp@amazon.com,OYeAD7,mpalombigp
603,lbroomgq@wordpress.org,MaZftqr,sjennerygq
604,adaverangr@tinyurl.com,AvppmYzDPkUa,srollergr
605,ycohrsgs@google.com.br,YKpLTVhbr,ktresisegs
606,econorgt@amazon.co.jp,jAx6Bzw,emowergt
607,rerrolgu@sciencedirect.com,xdv74ybV,tasplingu
608,hingramgv@unc.edu,VKGVkg,yjermingv
609,ibortolussigw@nature.com,5Mo8YxWP,cskrinegw
610,tlebatteurgx@cmu.edu,Npw4K5XF3Y5,locorhanegx
611,nkingshottgy@guardian.co.uk,ZGgoJGBM,dswaloughgy
612,ldemchengz@photobucket.com,feGX1KR,rburnepgz
613,rshattockh0@nbcnews.com,8apeSenMXQ,mspellmanh0
614,mwalbyh1@jiathis.com,IP8UgK,crennocksh1
615,ccapstakeh2@wix.com,TELH5e,kjindrichh2
616,bmergueh3@mozilla.com,iNV8ryrRSA,cdalwish3
617,ldulwitchh4@deliciousdays.com,OY5W892R1,rantonellinih4
618,csainsburyh5@webnode.com,4sC1zmr,fbangerh5
619,seulh6@purevolume.com,16R5ZV25,wspurdensh6
620,aszymanskih7@php.net,Urs5jekwIz,dparhamh7
621,vwheadonh8@naver.com,dA99KjDHtsLC,cverbeekh8
622,mmaginoth9@ocn.ne.jp,d03qaZNg,nmarrowh9
623,hcowherdha@yahoo.com,UBSVZxW,rpickoverha
624,goveringtonhb@instagram.com,Tmaw7cUeoZq,smathershb
625,wpetruhc@moonfruit.com,JNc2N8,kbathoehc
626,wfrudehd@wiley.com,0PmsAAZNPm,ibileshd
627,aguyonnethe@go.com,iVVryWjdI,jorthe
628,dsnalhamhf@bluehost.com,vJ1hsk5sXCn,uphateplacehf
629,lposnerhg@google.ca,J8Sd0iBrHO1,fterbrughg
630,ajoblinhh@icq.com,BSJrnpytQ,rlukashh
631,jeadonhi@mozilla.org,lUrmXdirahVA,ashuttlehi
632,cskelhornhj@example.com,nqljbxe,bdrissellhj
633,awannanhk@usatoday.com,2blyZB,cnunnhk
634,gschapirohl@spotify.com,KrdYnooL1jn,dpirolinihl
635,lgammellhm@over-blog.com,zEi5zDB5a,trafterhm
636,slornehn@tripadvisor.com,DXewfLAtSXc,dcainhn
637,jcolwellho@soup.io,AnEDUryh,nblunkettho
638,kcuffehp@imageshack.us,V2W39RP5EvcO,asyalvesterhp
639,cbickellhq@blinklist.com,cny2JAKCjmY,ljagerhq
640,dgorringehr@youtube.com,ALWUEChpSQ,jblondelhr
641,sreiglarhs@loc.gov,JIXSCH92,siannettihs
642,swickardtht@noaa.gov,UErZM9d,cstobartht
643,dfoystonhu@amazonaws.com,lzRoK7,gpalahu
644,tbredgelandhv@prnewswire.com,cTQPxE7BC,mmounchhv
645,zkolinskyhw@dmoz.org,AtdWxDL,kbrotherheadhw
646,hmotthx@microsoft.com,kWsNNaNCLFyE,bmussenhx
647,jscanlinhy@sbwire.com,t2OmCrG4,lgreshy
648,alydfordhz@amazon.de,Yc0FdP,mgoodaylehz
649,gwyborni0@php.net,FAsEL1g9,llinnitti0
650,ppetrelloi1@constantcontact.com,KzkrQKavJdv,astickellsi1
651,ayerletti2@google.nl,5Miq6GEX,vbridgwateri2
652,gpucknelli3@phoca.cz,P5BSUk,bwhillocki3
653,braddenburyi4@rambler.ru,fG3MSqMJs,ngallimorei4
654,mgittingi5@diigo.com,8mSnqm,rmatkini5
655,lgovinii6@dagondesign.com,MVBUbhwSO9,jakselli6
656,ohabbini7@prnewswire.com,yKHnPaSJC,adixsoni7
657,sbletcheri8@noaa.gov,FWafVtMyQ,ddonizeaui8
658,sweddeburnscrimgeouri9@patch.com,m9CKHT,ebellefontei9
659,jcapleia@redcross.org,HjvxwhZvP,ncasperriia
660,mdomneyib@huffingtonpost.com,WEGdWJPMB,hvernallib
661,pkalkofenic@china.com.cn,IISbUF9qNT,jslidesic
662,adoileyid@booking.com,opNQJQ,nbarberid
663,mkarlowiczie@china.com.cn,WFFX7vO,apeermanie
664,tvialif@cdbaby.com,rOMzCCDiOJv,ncuddehyif
665,ulittellig@godaddy.com,a7Njw4d4e0se,eavrahamoffig
666,kchidlowih@github.io,nrTg3NEl2w,mcamplejohnih
667,bwarnockii@t.co,IxYYspL,lmarlinii
668,cjurschij@webnode.com,beZR0lD,hbernoletij
669,bgaywoodik@nsw.gov.au,AFfmc28KiqXX,egoodfieldik
670,candryushchenkoil@telegraph.co.uk,cnJuCqcZ,fsamarthil
671,wharesnapeim@cnbc.com,b2sDL1n,fbeddonim
672,shaydockin@geocities.com,xQtXnX,malenichicovin
673,gringwoodio@sitemeter.com,lVMp2bjSLfF,olesarrio
674,gcromarip@fc2.com,lzL7xRrNSC,cridesip
675,aburgheriq@hugedomains.com,6M0F7HoX,rkaesmakersiq
676,swaterworthir@tmall.com,YNVp6WgfNZw,gbaguleyir
677,lsenteris@prweb.com,5Xku4My8S2eD,mfroschis
678,brosenbergit@acquirethisname.com,I7mQBPG,kcarsit
679,cconnaughtoniu@google.com.br,ud8PQDzMEIlX,jgriffithsiu
680,afarbraceiv@ted.com,ei6qpHJxmdBh,chugginsiv
681,lbokeniw@redcross.org,BhpptWSn4fa,mduckeriniw
682,rgradonix@jugem.jp,0YHNOyV,hrussilllix
683,erustichiy@state.tx.us,F32IfWdD8EQ,dgrimmertiy
684,gfardelliz@xing.com,O2h1F4V,eputtnamiz
685,lsmalleyj0@theguardian.com,bzNKFDVRgOKk,rpeatj0
686,rchestneyj1@google.com.br,tAqITSi,jvillej1
687,ocrowcherj2@umich.edu,vx2DBDYX0,ddedenhamj2
688,ltemplemanj3@technorati.com,kvBtS8UFYo,ttassakerj3
689,cdolohuntyj4@usnews.com,CxJsz6tHv3e,lcapinij4
690,ohoppnerj5@ca.gov,PcPj4bX9I2,bfoulstonej5
691,sprimaroloj6@ebay.com,0EFiPbL,jjanseyj6
692,aromaoj7@uol.com.br,CbST1dvsm,fwillardj7
693,wiacominij8@opensource.org,cMWwiE,amcgeechanj8
694,gkelbererj9@canalblog.com,6qd0zsk5,kbowlerj9
695,vandrinja@netscape.com,eK00YiNt0jyp,wblackerja
696,lgillespiejb@godaddy.com,85vz8hS9,bsambalsjb
697,varnoppjc@eventbrite.com,WyHPCOi0uun3,opautotjc
698,awerndleyjd@state.tx.us,xbiDhlcT,bchessiljd
699,abootesje@nationalgeographic.com,ZSSHUHveUP8W,criseboroughje
700,cfolliottjf@mayoclinic.com,b64rl6,pjobinjf
701,sliteljg@netlog.com,V5XV5MCP9b,clilburnejg
702,eboastjh@independent.co.uk,EE0NvLq7l,dcoakerjh
703,mfairebrotherji@telegraph.co.uk,ZsEPUwtzu,sjoseffji
704,atomsajj@sourceforge.net,VtsfccXJ,laingerjj
705,itrentjk@wordpress.com,0fNAKXx8ko,pstairjk
706,lbusheljl@blogspot.com,4bvVBeOv,jogormallyjl
707,gknaggsjm@dailymotion.com,Os5limSjExvx,dbourdisjm
708,nriddelljn@scientificamerican.com,ldvi1NNXcW3F,bmialljn
709,dlenoxjo@usnews.com,4T5TjI,rweichjo
710,cboulsherjp@skype.com,ued5irc,astockingjp
711,cpennijq@harvard.edu,7O3T6Fi,schinnockjq
712,rquaintancejr@freewebs.com,c5UCExZ,qlakendenjr
713,mbercevelojs@hhs.gov,9lMtBiMt,athwaitesjs
714,cmacphailjt@exblog.jp,XaeSKuL,nfyshjt
715,bfarranju@cafepress.com,F3Efgi8iZjoK,cwalfordju
716,ebergstrandjv@domainmarket.com,oqDMwKIlm,tlorentzenjv
717,lpattrickjw@lulu.com,wfUB8HIYfB,celandjw
718,sbartolozzijx@yale.edu,RyB272ME,swenmanjx
719,rblaycockjy@zimbio.com,puwR1QG,jspittlejy
720,mchildjz@columbia.edu,oyf1DH,bpagelsenjz
721,eblodgetk0@123-reg.co.uk,AIFeXC,gnaperk0
722,mburlesk1@opera.com,hZcv6a,fiddyk1
723,nleylandk2@cdbaby.com,2NZ4mD,ahassewellk2
724,ulethleyk3@eventbrite.com,Qrn8Rx02,cjanoschekk3
725,nstanawayk4@microsoft.com,jgvPKH,ggauvink4
726,jhaxbyk5@github.com,D813kqE,bpolakk5
727,sdilletk6@wikia.com,8HY13ye0Kiph,jcherriek6
728,cdickensk7@free.fr,lc4Isz5BF3y,kdonatik7
729,sstrangwardk8@cdbaby.com,1I1zcUr,aacombk8
730,sgarforthk9@rediff.com,q8a4Igj,mduplank9
731,csimonnetka@jimdo.com,H2YX47m,rtoffaninika
732,marborkb@moonfruit.com,LIeRRrDo2,jdormonkb
733,slaisterkc@pinterest.com,8xrxVXOZE,olacerkc
734,gtetherkd@google.com.br,7ryD6mEF6vd7,dmainekd
735,emorhallke@4shared.com,BI0vah6,obuddleighke
736,lcoddkf@aboutads.info,83Plvwvue3,asilbertkf
737,wbrookzkg@irs.gov,y0aB7DcEFOw,tdrainkg
738,lmulkerrinskh@auda.org.au,1BtR980Dj,gwinsborrowkh
739,lverryki@umn.edu,X8P1CsBT,bnixki
740,cmcvittiekj@blogspot.com,rr4vauD6T,mreekiekj
741,ahuxterkk@whitehouse.gov,RgVETZdWLM7,jiblekk
742,fgettonekl@behance.net,c5eb5vQbs,rdulieukl
743,cedmensonkm@timesonline.co.uk,fCkBR5XlPsz,dvenningkm
744,fchinkn@nationalgeographic.com,UtnXYhio,rraouxkn
745,bmiliusko@infoseek.co.jp,30kVSjtD,ahusselbeeko
746,swhitchurchkp@ovh.net,bbgokkJ,umccuffiekp
747,vbloiskq@51.la,EWagHvZ9CDd,tlillicrapkq
748,kgargettkr@usnews.com,t4HtwFEKZs,tmolloykr
749,ajeandotks@icq.com,LHoJ2jjlsq,jjanaszkiewiczks
750,cmerryfieldkt@google.de,9OrKlcffydh,lsmelliekt
751,fdunsfordku@newyorker.com,4oU35kCY9USf,uinnmanku
752,egrogankv@4shared.com,59x7k8Dy,kbreslinkv
753,dkimmelkw@zimbio.com,pf5p7kBw,alightewoodkw
754,scrambiekx@vk.com,HO8GzvXrO,rtillkx
755,hmatusiakky@indiatimes.com,wJAPynH1E,tcakebreadky
756,jglencroskz@nytimes.com,ER4Gig3Z,aangelkz
757,ccoyettl0@earthlink.net,yalH9yPB,mdaubneyl0
758,lmadinel1@spotify.com,MxlSjJ,lfarakerl1
759,jveeversl2@ebay.co.uk,K7qi3N2ul,mlaffranconil2
760,bgorringl3@slate.com,Sawcy7HTZ,mespinetl3
761,ybeatyl4@imgur.com,tOgC8Q6V3,kscracel4
762,cbuddenl5@rediff.com,x8Edh1dmwTA,snelthorpel5
763,losannel6@bizjournals.com,wuIQ3Eg,lscholel6
764,kharcarsel7@dot.gov,K6o7ZgtlKSF,eabendrothl7
765,pkubacekl8@stumbleupon.com,cBzoylZXaS,cboyetl8
766,vjacopl9@state.gov,KJXH8gQ0pD,cgartelll9
767,mlemmersla@go.com,bNIF2PxCu9W,storresila
768,mwilliamslb@abc.net.au,0Onpewf,rgoulstonlb
769,rscholtzlc@weibo.com,W31rLUkhlRc,pshutlelc
770,cfishlyld@youtube.com,P54HAtY06zI,kgalleld
771,dkeatleyle@sitemeter.com,0KDvsT4,lpeaseyle
772,wguillotonlf@nba.com,jbqOCa0Qs,nmcgifflf
773,nwildmanlg@themeforest.net,DQ0NdcrZ5nGb,jgatlinlg
774,idowyerlh@storify.com,dC8DyQZmF3F,rtolmanlh
775,jgodfrayli@photobucket.com,1XjIjlf,mreubleli
776,hkearnlj@salon.com,eOdYtj4Z,aashplantlj
777,dgotclifflk@rediff.com,siTeYchNMY7,plondsdalelk
778,struettll@networkadvertising.org,cof7kcglWsZ,ibecerroll
779,gcalteralm@mail.ru,ypw0mjkgpK9,msibyllalm
780,hnaptineln@mysql.com,FQPwIZ,egreensetln
781,lnutbeemlo@theguardian.com,8Kyidob,bscoullarlo
782,jgoodburnlp@delicious.com,7aMENm0iQwT3,sbartholomieulp
783,aburchalllq@csmonitor.com,a43vdvyQJ0qV,wgrubblq
784,gtreamaynelr@barnesandnoble.com,5S6hVM,abowlandlr
785,prenolsls@ted.com,uSHIUOzxjluQ,sfarquharsonls
786,llatterlt@ehow.com,rvZZl40,ybuddleslt
787,gmacconnellu@cdc.gov,DiRGzZm,vfensomelu
788,ldupreelv@nhs.uk,VbKaHH0pX4F7,kcastangialv
789,edrinkellw@wiley.com,fMT1JwhPQBXI,bkyndlw
790,cjoubertlx@opensource.org,oxQqAxS8i,tjendrickelx
791,rjowlely@comcast.net,Rq3eS1pBaLLM,tpietrusiakly
792,agapplz@stanford.edu,DPBvoGTOcXJQ,jgrayhamlz
793,erenehanm0@webeden.co.uk,G3IAloF,sadriennem0
794,cdyhousem1@cnbc.com,fY8uCRtjHVM,achengm1
795,wcuellm2@ebay.com,YpAkduZx,jflannerym2
796,esapsfordem3@domainmarket.com,UXElnszZ,bhenrim3
797,jjosifovicm4@foxnews.com,36RE401,jmckeeversm4
798,seaglestonem5@java.com,3LLqvMKLn,alealm5
799,cbaudetm6@dmoz.org,NXfFBbFQnw,dfowlesm6
800,spopplewellm7@biglobe.ne.jp,VrEeJm9yp1,hkabischm7
801,mdwerryhousem8@cornell.edu,fkkdFv,cfeaseym8
802,lpoatm9@google.cn,8oTfkmk5BPI,jheskeym9
803,jbabinskima@vimeo.com,j08uD0DhkG0,qtaddma
804,pbondemb@imageshack.us,EBleiwk10dRj,rdockraymb
805,rosbistonmc@reference.com,8S6RbV,dhelsbymc
806,kmclearymd@opera.com,ERfhfrBJhy2,eheishammd
807,emillardme@newsvine.com,rGLpeW,vpapezme
808,cferbermf@mlb.com,UO18nsncW5,gflaymf
809,uvanderkruijsmg@upenn.edu,hoRMmE4,dgerardotmg
810,kcriginmh@mtv.com,AFkGPdyDy,upencottmh
811,hsuggmi@drupal.org,BunylqhTxda9,msperrettmi
812,btitchenmj@japanpost.jp,LDKHSa,bhynemj
813,rallakermk@icio.us,av2Brb,bsainsmk
814,jgillmorml@amazon.com,Q54wSjk,akemmisml
815,glovelmm@addthis.com,xiu5UjjP,btullotmm
816,tantonikovmn@ycombinator.com,brQq2dp,athornmn
817,karrundalemo@skype.com,LgAD11XeSiL,gtretheweymo
818,ahebbornemp@myspace.com,oyS25W,ibreenmp
819,egronavermq@youtube.com,5q9GT9C9v9pm,rtippingsmq
820,irealphmr@facebook.com,RMTByYQR,malessandruccimr
821,ndowdingms@businessweek.com,vo0UG4Fgj3Ap,jdenisovoms
822,mjessonmt@bing.com,iPVdYxbe,jheynelmt
823,rdrillingcourtmu@time.com,wtY0l8q0,lrivallandmu
824,jshaudfurthmv@wsj.com,ptPfBv4,hyarnmv
825,mwakemanmw@washingtonpost.com,fytKO7Qc,cdowsingmw
826,rminichimx@microsoft.com,ofDYIfX0,kdymockemx
827,zstothertmy@youku.com,66l8T2vxmF6,rbeckhurstmy
828,lromainesmz@51.la,ATwcg4VMEmLY,ailyasovmz
829,mhuntingfordn0@mapy.cz,mVHSyY5nc,rgumleyn0
830,bjedrachowiczn1@ucla.edu,fJBHoAUbz,asaffonn1
831,hchurmn2@naver.com,50gQV9sASgFq,bforsyden2
832,aextonn3@feedburner.com,jabSO6cA3FbB,jkubaln3
833,hesseryn4@liveinternet.ru,6qQPEi,afoyen4
834,nseniourn5@tmall.com,EnDhV9,spaskerfuln5
835,stomen6@archive.org,QCunriika,amiddlemistn6
836,sbritziusn7@npr.org,Ei9I3B5c,lpardaln7
837,azywickin8@miitbeian.gov.cn,4DLT6aoTNn,rderrelln8
838,ndumphriesn9@unesco.org,U7uCqV9fq,rwalcotn9
839,kdowbigginna@cnn.com,9aCg4WBBD,fharrowayna
840,abasleynb@un.org,jJ8WGk,mburghallnb
841,tchampenc@umich.edu,7zYQtcqHUo9,ghadawaync
842,bdovingtonnd@ed.gov,mkIfkOzZcnXZ,klefrancnd
843,hwhybornne@hhs.gov,avDTcBvk,ctolemachene
844,dbrandelnf@ucoz.com,cXtOb3LcHS,fchablenf
845,rhadrillng@ucsd.edu,pb1gLPJOHl8S,ravesqueng
846,dcosseynh@oakley.com,Xb3wwJsWUi7A,qsmewingnh
847,hbowdlerni@dot.gov,oNenx5yJAwrd,jdemkowiczni
848,ngandertonnj@printfriendly.com,B3RKTZS2JDA,chuetnj
849,aenricnk@cisco.com,PbcmzA,tescrittnk
850,rlewcocknl@meetup.com,KzMSOFA0rbig,rsmithermannl
851,aberefordnm@bing.com,k1RrXA2nm,kvanhovenm
852,sdegregorionn@smh.com.au,qwEq7d,gkurtisnn
853,dchoakeno@wunderground.com,03m282,mmcgraeno
854,nbellworthynp@yelp.com,NM5Qhx4eTF4,ckrollenp
855,hgorwoodnq@answers.com,sK2NwTD6,nfriarnq
856,agravesnr@e-recht24.de,FY5zclPI,tspellicynr
857,tswaitens@census.gov,HbIKewp,kmoffattns
858,dcornunt@a8.net,tjOcelVeu,bmingardont
859,isurridgenu@discovery.com,tcjLm9,vriggollnu
860,sseekingnv@i2i.jp,mpq82KSfv,ljesteconv
861,odavisonnw@state.gov,umUK6z9u,mlomanseynw
862,lmorsenx@google.com,rIjEmI,rlisciardellinx
863,rcushworthny@typepad.com,pFzWcdo4,qhartwrightny
864,ttotterdillnz@sciencedirect.com,AjHf2cymAMo,ahellardnz
865,dblaskeo0@i2i.jp,o0UUpy,mogglebieo0
866,lsartaino1@foxnews.com,8N91zJpXnV,egrayleyo1
867,mhowisono2@google.com,UhKQW1hCN,nvyvyano2
868,kwallikero3@mtv.com,b3G8eULQt6hQ,bfenemoreo3
869,msedgeo4@wufoo.com,4lFAd8zp,igateso4
870,cllewellyo5@howstuffworks.com,n94nY14Z,mstuddo5
871,mtongso6@ted.com,VSdWFSt,malesoo6
872,rperroneo7@webeden.co.uk,CfR4yPko,pstenhouseo7
873,lpenmano8@java.com,BRuJ8053D,frestoricko8
874,apesako9@sohu.com,sJWcIAWv1,jskillanderso9
875,qfantoa@bigcartel.com,sI5HHeRbaaOv,wdunwoodyoa
876,clyddyardob@cmu.edu,0oZ55PA,mpietranekob
877,elethleyoc@stanford.edu,2umM1LWW1r7,iwoollettoc
878,ftipplerod@plala.or.jp,4JDjH8F,khearsonod
879,rtenbroekoe@hostgator.com,u2qsMW,rallpressoe
880,cwandsof@weebly.com,L6RFXBJ,kpeevorof
881,comoylaneog@jiathis.com,V10838OZ4,kyarhamog
882,sfrickeroh@flavors.me,O7Kca62f0,fchethamoh
883,plockheadoi@sfgate.com,UUzLPw,afirebraceoi
884,cgullefantoj@devhub.com,Iw576CE6gGZ,csivioroj
885,lphillipsok@behance.net,lpmlgq1IsnN,kchreeok
886,smacgillicuddyol@yelp.com,I7nWVH1Xrq,hblannol
887,areddingtonom@unc.edu,lpIkxcx,lbidnallom
888,smalbyon@craigslist.org,uVxv60,wheadson
889,dbadwickoo@artisteer.com,QTYaId,gbeatoo
890,dbrumhamop@prnewswire.com,KB5233VIkaO,edunseathop
891,tbabboq@hugedomains.com,LtVavG,frasmusoq
892,rgraveor@bbb.org,XNpqQvybK,mjurriesor
893,chydeos@eepurl.com,c9amP57xlP,bhueyos
894,jsexonot@toplist.cz,kYonjHhK6,rbarlowot
895,dmalimoeou@xing.com,M2DOZ0,dplanqueou
896,mdevineov@google.pl,ItHb4qo2,arackov
897,lrolstoneow@columbia.edu,1p6d7e,spellingarow
898,zvelteox@irs.gov,iiT91RRQX,dgarrattyox
899,jbartolomaoy@nature.com,4kXH46x,cdefraineoy
900,lmoggleoz@so-net.ne.jp,OQCZaQOSFJO,tslewcockoz
901,lbeeckerp0@edublogs.org,vvyaTtEBE,emckibbinp0
902,jcuttingsp1@nytimes.com,ru4Ohps3Z,aferrasp1
903,tdmitrichenkop2@deliciousdays.com,WQjmy7CM,anicolsonp2
904,prosewellp3@adobe.com,Q8E7D0CRu4,ominnettep3
905,asalazarp4@uol.com.br,j4kLr0,cfairleyp4
906,sosannep5@prnewswire.com,EfEupyrPC,hansteadp5
907,amacaskillp6@army.mil,m1efzNy,hpersentp6
908,kdibartolommeop7@geocities.com,01rRJcjnIc0F,dtaplowp7
909,meassebyp8@npr.org,3CTWIyXNv6,hrisdallp8
910,mdantesiap9@ted.com,4PeRgNmp9Oo,lfittallp9
911,chamlynpa@walmart.com,9jJUbUElHcu,smullinerpa
912,mmaylinpb@noaa.gov,zs2DT5,wtrodlerpb
913,nottawellpc@arstechnica.com,0UKhnBaiF,plaxepc
914,byokelpd@github.com,RSI9hE7,ncratespd
915,bkelledype@scribd.com,r3zW3Pb,slowdeanepe
916,sburchesspf@craigslist.org,TRGtnOSvqLm,nsaltmanpf
917,dkondratpg@rakuten.co.jp,f8aHkEGgpF2,dforespg
918,oeaglesph@ft.com,iZDzgRMp,mboomeph
919,agabbidonpi@simplemachines.org,AEBmIdHepfS,jkrausspi
920,lleemanspj@reverbnation.com,UGy6sFXo0,pavrahamovpj
921,stylerpk@yahoo.co.jp,cG4NDM02BLK,amattecotpk
922,lelloypl@nature.com,7B1BiUcFsNlH,ehellispl
923,lgowlettpm@illinois.edu,Xv6b7u,mcottelpm
924,djanepn@tamu.edu,Qu406MJJtss,mperotpn
925,hmcgoochpo@indiegogo.com,z5VMpdSxM,mparsellpo
926,sswalwellpp@webnode.com,U3vW0e,hfoggpp
927,cbridgewaterpq@mayoclinic.com,GgUkKiBcfI,mwhitechurchpq
928,jcoenraetspr@weebly.com,QSrQ2N,peverypr
929,fbabbidgeps@go.com,beDREMipV,nhullesps
930,dhalladpt@dagondesign.com,eKKUL89,steckpt
931,mmillimoepu@sfgate.com,eLgtTFU,tcastellpu
932,jbentonpv@studiopress.com,AKuOC2GZlWEG,hferdinandpv
933,mschruurspw@geocities.com,iL1plM,rmaevelapw
934,jwantpx@weebly.com,FUDlMnE,ubeacompx
935,yhugninpy@youtube.com,lQCLYFYMzK,jnunesnabarropy
936,phearthfieldpz@netscape.com,TOh4g3ol,cmarypz
937,awankq0@marriott.com,PlgZti2,tdominikq0
938,kfandrichq1@yolasite.com,4o7vgUdT,wmacveyq1
939,rgascoigneq2@infoseek.co.jp,BjU7DvjS,vdaborneq2
940,bcluttenq3@washington.edu,1xKysZg,klansdowneq3
941,wwellbeloveq4@live.com,q0Ubzgy9d,medmeadq4
942,pstrobandq5@prnewswire.com,NFJRlYZnKW,esnewinq5
943,tsirmondq6@istockphoto.com,7BwbU8cPrG,kmullinderq6
944,rsabbinq7@diigo.com,O7paEM,wmalpasq7
945,pdelacourq8@sphinn.com,DlrFv0uLjKu,blabelq8
946,rfossittq9@npr.org,9iza0GbsDi,ashieldsq9
947,sdunsmuirqa@bloglovin.com,Tzi4juboZU,dbarnsonqa
948,ccorzonqb@hexun.com,FfuzIzgB,dhelmkeqb
949,vcorstorphineqc@skype.com,xTF6aFe,aramsellqc
950,gaguirrezabalaqd@senate.gov,sC40KQVEKbcn,bmewhaqd
951,cdwellingqe@yandex.ru,lqkDv2wv00S,rharvieqe
952,lrisebrowqf@phoca.cz,dfGoshKU,rolivieqf
953,mwoolfqg@webnode.com,84nMpHoG,bbroadleyqg
954,tterrellqh@godaddy.com,bz5at6Hq9,lhallaganqh
955,tcamolliqi@multiply.com,E1HKsmuXP,sbaldockqi
956,hmatusiakqj@un.org,5IznaNVyq,chymerqj
957,gginleyqk@linkedin.com,Ez9mXyGd1lT,hhehnkeqk
958,bmcgownql@deliciousdays.com,aQZUkniwB,fdyzartql
959,amaundqm@google.ru,ity0pC1v,cpuckettqm
960,gmcgreadyqn@xinhuanet.com,L1wPdryt1a,tvalettqn
961,ncrowderqo@storify.com,G6e26Y,hpollieqo
962,julyattqp@icq.com,0TgEkWkpy,lsyneqp
963,jblewittqq@printfriendly.com,PVD9mcS,kwickqq
964,censerqr@cornell.edu,xzsQfOeD,djobsonqr
965,wtryqs@columbia.edu,K2dbJZ,pmaruskaqs
966,thillabyqt@guardian.co.uk,t59bB42LyFkc,ggrinsteadqt
967,ewhittaqu@topsy.com,iGa0ls4Gt90,smarvelleyqu
968,ajacobqv@sitemeter.com,6GDduY1nQMN,ccamisqv
969,lfaullqw@photobucket.com,16b00CDeR,mfilerqw
970,ggimbletqx@bloomberg.com,bmZPnA2G,okeighlyqx
971,aexpositoqy@chron.com,ZvBujDi,nkirmanqy
972,hmacskeaghanqz@printfriendly.com,vP9D4NW2XnR,dradbourneqz
973,echeyenner0@google.com,OjtNZ2lL8,btannerr0
974,gnanar1@cam.ac.uk,j4p22e3s44I,owhichelowr1
975,adaouser2@berkeley.edu,Xy2DU6CGGgy,arobilartr2
976,nohanniganr3@ycombinator.com,AndtoHl,bwardhawr3
977,purenr4@blogspot.com,eJHZvl9,gshepherdsonr4
978,alavaller5@aol.com,JKeEc1EzZVL4,dorridger5
979,hfessierr6@sfgate.com,gThV2u3,cdeussr6
980,vlegallor7@omniture.com,QNa3dh7,jzamboniarir7
981,gbolesmar8@ucoz.com,Dupoc8V1pEt,fkordovar8
982,eelcomber9@studiopress.com,WiAmy2I3,kkikker9
983,gbortonra@g.co,N4wRcv2NQ3,givashovra
984,mphelprb@blogger.com,PqJtiu25AKYm,kmorrillyrb
985,arhodesrc@mozilla.org,w9pNYDQ,fjanaszkiewiczrc
986,esoigouxrd@berkeley.edu,nXw74IQ1vFJg,tmotherwellrd
987,pscapelhornre@merriam-webster.com,6IFjkg,tmacgilrewyre
988,kdronsfieldrf@deliciousdays.com,mf6bXA6,pjillionsrf
989,lhayhowrg@who.int,2WValKPhpmX9,schittockrg
990,jpankettmanrh@tuttocitta.it,H2KbtCZNiD0K,nharwickrh
991,tdalgleishri@msu.edu,TgnZUGQOTub,dpayleyri
992,dsivellrj@latimes.com,nFDvo5bx,lprodrickrj
993,pheinreichrk@chronoengine.com,pDuTyHcNToUc,fholtonrk
994,kgrzelakrl@drupal.org,DFGZ1xIG1HwM,ahugninrl
995,ikeenleysiderm@cargocollective.com,SjvyO7anezA1,dcockhillrm
996,parrolrn@furl.net,CUYAtzEAXD,jstonemanrn
997,rmionro@acquirethisname.com,IOVRC8i,ejanotaro
998,ndevoyrp@google.co.uk,e6Ss7vvdc11n,ebalsomrp
999,tbeattyrq@netvibes.com,4aYut8T7h8,sgrindleyrq
1000,cmanfordrr@businessinsider.com,w4ssIGOJ,ndobbinsonrr
